date,elec_kwh,gas_m3,temp_c,hdd,season
2022-10-01,11.904000000000451,0.6550000000002001,14.441666666666668,1.0583333333333318,Autumn
2022-10-02,14.675999999999476,1.1269999999999527,14.895833333333334,0.6041666666666661,Autumn
2022-10-03,9.769999999998618,1.655999999999949,14.35,1.1500000000000004,Autumn
2022-10-04,8.43500000000131,1.5109999999999673,13.850000000000001,1.6499999999999986,Autumn
2022-10-05,11.172999999998865,1.4650000000001455,16.083333333333332,0.0,Autumn
2022-10-06,7.751000000000204,1.2869999999998072,14.245833333333332,1.2541666666666682,Autumn
2022-10-07,10.32300000000032,0.98700000000008,14.341666666666667,1.1583333333333332,Autumn
2022-10-08,11.488000000001193,0.9130000000000109,13.545833333333334,1.9541666666666657,Autumn
2022-10-09,11.797999999998865,1.9259999999999309,11.029166666666667,4.470833333333333,Autumn
2022-10-10,7.449000000000524,0.7429999999999382,11.875,3.625,Autumn
2022-10-11,8.068999999999505,1.356000000000222,11.8375,3.6624999999999996,Autumn
2022-10-12,8.387000000000626,1.0399999999999636,9.883333333333333,5.616666666666667,Autumn
2022-10-13,7.165999999999258,0.7100000000000364,12.950000000000001,2.549999999999999,Autumn
2022-10-14,9.71600000000035,4.416999999999916,12.674999999999999,2.825000000000001,Autumn
2022-10-15,14.537000000000262,3.3739999999997963,14.016666666666666,1.4833333333333343,Autumn
2022-10-16,9.197000000000116,3.048000000000229,14.391666666666666,1.1083333333333343,Autumn
2022-10-17,9.154999999998836,2.449000000000069,15.183333333333332,0.3166666666666682,Autumn
2022-10-18,11.872000000001208,2.7529999999997017,13.237499999999999,2.262500000000001,Autumn
2022-10-19,12.104000000001179,3.1220000000002983,10.216666666666667,5.283333333333333,Autumn
2022-10-20,11.976999999998952,3.5779999999999745,12.237499999999999,3.262500000000001,Autumn
2022-10-21,12.11200000000099,2.074000000000069,14.866666666666667,0.6333333333333329,Autumn
2022-10-22,16.685999999997875,1.794999999999618,14.733333333333334,0.7666666666666657,Autumn
2022-10-23,11.854000000001179,2.548000000000229,14.762500000000001,0.7374999999999989,Autumn
2022-10-24,7.175999999999476,0.9160000000001673,14.799999999999999,0.7000000000000011,Autumn
2022-10-25,3.736000000000786,0.0,14.104166666666666,1.395833333333334,Autumn
2022-10-26,3.835000000000946,0.06399999999985084,14.683333333333332,0.8166666666666682,Autumn
2022-10-27,5.1119999999991705,2.300999999999931,16.0625,0.0,Autumn
2022-10-28,9.670000000000073,2.800000000000182,16.141666666666666,0.0,Autumn
2022-10-29,11.263999999999214,1.4829999999997199,15.379166666666668,0.1208333333333318,Autumn
2022-10-30,3.82300000000032,0.20800000000008367,15.304,0.19599999999999973,Autumn
2022-10-31,3.488999999999578,0.0,13.204166666666666,2.2958333333333343,Autumn
2022-11-01,3.5799999999999272,0.0,14.420833333333334,1.0791666666666657,Autumn
2022-11-02,3.57300000000032,0.0,12.329166666666666,3.1708333333333343,Autumn
2022-11-03,3.4609999999993306,0.0,12.762500000000001,2.737499999999999,Autumn
2022-11-04,4.483000000000175,4.8090000000001965,10.266666666666667,5.2333333333333325,Autumn
2022-11-05,5.842000000000553,4.411000000000058,10.2125,5.2875,Autumn
2022-11-06,18.22400000000016,4.487999999999829,10.708333333333334,4.791666666666666,Autumn
2022-11-07,8.850000000000364,4.197999999999865,12.299999999999999,3.200000000000001,Autumn
2022-11-08,11.495999999999185,3.300999999999931,13.075000000000001,2.424999999999999,Autumn
2022-11-09,9.354999999999563,3.6480000000001382,12.508333333333333,2.991666666666667,Autumn
2022-11-10,8.319999999999709,3.438999999999851,13.129166666666668,2.370833333333332,Autumn
2022-11-11,12.247999999999593,2.855000000000018,11.470833333333333,4.029166666666667,Autumn
2022-11-12,15.326000000000931,3.7040000000001783,8.758333333333333,6.741666666666667,Autumn
2022-11-13,13.50799999999981,3.1959999999999127,7.8374999999999995,7.6625000000000005,Autumn
2022-11-14,8.288000000000466,4.742999999999938,5.7749999999999995,9.725000000000001,Autumn
2022-11-15,8.319000000001324,3.6359999999999673,9.691666666666666,5.808333333333334,Autumn
2022-11-16,9.432000000000698,4.364000000000033,10.112499999999999,5.387500000000001,Autumn
2022-11-17,11.804999999998472,3.6790000000000873,9.9125,5.5875,Autumn
2022-11-18,9.948999999998705,4.371999999999844,8.174999999999999,7.325000000000001,Autumn
2022-11-19,13.953000000001339,6.473000000000411,1.6125,13.8875,Autumn
2022-11-20,15.725999999998749,8.731999999999971,-0.18749999999999992,15.6875,Autumn
2022-11-21,8.141999999999825,7.098999999999705,4.779166666666667,10.720833333333333,Autumn
2022-11-22,8.463000000001557,5.778000000000247,6.625,8.875,Autumn
2022-11-23,7.988999999999578,5.714999999999691,8.020833333333334,7.479166666666666,Autumn
2022-11-24,8.370999999999185,5.93100000000004,9.441666666666666,6.058333333333334,Autumn
2022-11-25,8.298000000000684,4.829999999999927,9.829166666666667,5.6708333333333325,Autumn
2022-11-26,15.46100000000115,5.9340000000001965,8.458333333333334,7.041666666666666,Autumn
2022-11-27,14.679000000000087,6.347999999999956,7.170833333333333,8.329166666666666,Autumn
2022-11-28,9.820999999999913,5.595000000000255,8.883333333333333,6.616666666666667,Autumn
2022-11-29,10.106999999998152,5.381999999999607,6.904166666666666,8.595833333333335,Autumn
2022-11-30,10.503000000000611,6.1030000000000655,6.145833333333333,9.354166666666668,Autumn
2022-12-01,9.081000000000131,6.557999999999993,5.095833333333333,10.404166666666667,Winter
2022-12-02,11.275000000001455,6.481000000000222,3.045833333333333,12.454166666666667,Winter
2022-12-03,10.998999999999796,8.846000000000004,1.8958333333333333,13.604166666666666,Winter
2022-12-04,16.222999999998137,9.014000000000124,0.9916666666666667,14.508333333333333,Winter
2022-12-05,10.807000000000698,7.218999999999596,5.379166666666666,10.120833333333334,Winter
2022-12-06,9.742999999998574,8.088000000000193,6.1875,9.3125,Winter
2022-12-07,9.68500000000131,6.699000000000069,5.825,9.675,Winter
2022-12-08,7.430000000000291,7.097999999999956,3.7416666666666667,11.758333333333333,Winter
2022-12-09,10.657999999999447,7.971999999999753,-1.1083333333333332,16.608333333333334,Winter
2022-12-10,12.350000000000364,8.718000000000302,0.6958333333333333,14.804166666666667,Winter
2022-12-11,20.052999999999884,8.5949999999998,0.22916666666666666,15.270833333333334,Winter
2022-12-12,12.967999999998938,9.173999999999978,-1.425,16.925,Winter
2022-12-13,11.474000000001979,10.178000000000338,-3.158333333333333,18.65833333333333,Winter
2022-12-14,10.569999999999709,10.13799999999992,-2.370833333333333,17.870833333333334,Winter
2022-12-15,10.106999999999971,9.684999999999945,1.3916666666666666,14.108333333333334,Winter
2022-12-16,13.590000000000146,8.88000000000011,0.24583333333333332,15.254166666666666,Winter
2022-12-17,8.617999999998574,9.341999999999643,-1.6166666666666665,17.116666666666667,Winter
2022-12-18,14.802999999999884,11.664999999999964,-2.2708333333333335,17.770833333333332,Winter
2022-12-19,8.663000000000466,8.12900000000036,6.683333333333334,8.816666666666666,Winter
2022-12-20,8.41400000000067,6.627999999999702,9.716666666666667,5.783333333333333,Winter
2022-12-21,7.781999999999243,5.726000000000113,7.329166666666667,8.170833333333334,Winter
2022-12-22,8.859000000000378,6.79300000000012,8.4125,7.0875,Winter
2022-12-23,14.556000000000495,4.927000000000135,8.641666666666667,6.8583333333333325,Winter
2022-12-24,18.412000000000262,5.444999999999709,8.829166666666667,6.6708333333333325,Winter
2022-12-25,9.547999999998865,2.7080000000000837,8.279166666666667,7.220833333333333,Winter
2022-12-26,3.1090000000003783,0.8090000000001965,7.691666666666666,7.808333333333334,Winter
2022-12-27,3.129000000000815,2.1720000000000255,6.916666666666667,8.583333333333332,Winter
2022-12-28,4.625,2.4799999999995634,8.970833333333333,6.529166666666667,Winter
2022-12-29,4.451999999999316,2.419000000000324,8.9375,6.5625,Winter
2022-12-30,3.094999999999345,2.701999999999771,8.304166666666667,7.195833333333333,Winter
2022-12-31,3.0529999999998836,1.9200000000000728,12.558333333333332,2.941666666666668,Winter
2023-01-01,3.0420000000012806,1.8600000000001273,11.520833333333334,3.979166666666666,Winter
2023-01-02,3.1559999999990396,6.761999999999716,8.558333333333334,6.941666666666666,Winter
2023-01-03,12.304000000000087,8.475000000000364,6.045833333333333,9.454166666666666,Winter
2023-01-04,11.888999999999214,6.280999999999949,10.725,4.775,Winter
2023-01-05,16.312000000001717,5.746000000000095,9.8125,5.6875,Winter
2023-01-06,9.979999999999563,4.958999999999833,9.591666666666667,5.908333333333333,Winter
2023-01-07,10.461999999999534,5.233999999999924,9.945833333333333,5.554166666666667,Winter
2023-01-08,13.087999999999738,5.836999999999989,8.104166666666666,7.395833333333334,Winter
2023-01-09,6.920000000001892,5.481000000000222,7.0125,8.4875,Winter
2023-01-10,9.156999999999243,6.875,7.308333333333334,8.191666666666666,Winter
2023-01-11,8.703999999999724,5.243999999999687,9.583333333333334,5.916666666666666,Winter
2023-01-12,10.240999999999985,5.947000000000116,10.116666666666667,5.383333333333333,Winter
2023-01-13,9.066999999999098,5.514000000000124,8.612499999999999,6.887500000000001,Winter
2023-01-14,12.686000000001513,6.354999999999563,8.575000000000001,6.924999999999999,Winter
2023-01-15,11.864999999999782,6.743000000000393,6.270833333333333,9.229166666666668,Winter
2023-01-16,9.467999999998938,7.372000000000298,3.9,11.6,Winter
2023-01-17,8.86200000000099,6.960000000000036,2.4791666666666665,13.020833333333334,Winter
2023-01-18,8.713999999999942,8.812999999999192,3.3041666666666667,12.195833333333333,Winter
2023-01-19,16.060999999999694,7.653000000000247,3.5999999999999996,11.9,Winter
2023-01-20,16.567000000000917,8.831000000000131,2.2708333333333335,13.229166666666666,Winter
2023-01-21,8.429000000000087,9.261000000000422,0.29583333333333334,15.204166666666667,Winter
2023-01-22,10.848999999998341,10.61199999999917,1.7333333333333334,13.766666666666666,Winter
2023-01-23,7.930000000000291,8.624000000000706,2.8333333333333335,12.666666666666666,Winter
2023-01-24,10.028000000002066,7.585000000000036,0.9500000000000001,14.55,Winter
2023-01-25,10.674999999999272,6.847999999999956,1.2041666666666666,14.295833333333334,Winter
2023-01-26,13.230999999999767,8.77599999999984,5.404166666666666,10.095833333333335,Winter
2023-01-27,14.526999999998225,10.856999999999971,3.875,11.625,Winter
2023-01-28,19.900000000001455,9.25,3.1875,12.3125,Winter
2023-01-29,24.122999999999593,10.103000000000065,5.854166666666667,9.645833333333332,Winter
2023-01-30,15.576000000000931,8.86700000000019,7.179166666666667,8.320833333333333,Winter
2023-01-31,13.234999999998763,8.868999999999687,7.229166666666667,8.270833333333332,Winter
2023-02-01,17.048000000000684,9.774999999999636,7.3625,8.1375,Winter
2023-02-02,12.927999999999884,6.803000000000793,8.070833333333333,7.429166666666667,Winter
2023-02-03,10.418999999999869,5.738999999999578,8.820833333333333,6.679166666666667,Winter
2023-02-04,14.858000000000175,7.3729999999995925,7.504166666666666,7.995833333333334,Winter
2023-02-05,13.895000000000437,6.368000000000393,6.429166666666667,9.070833333333333,Winter
2023-02-06,8.492999999998574,6.810999999999694,3.641666666666667,11.858333333333333,Winter
2023-02-07,9.287000000002081,6.670000000000073,0.19583333333333333,15.304166666666667,Winter
2023-02-08,8.219999999997526,8.04700000000048,0.18333333333333335,15.316666666666666,Winter
2023-02-09,10.115999999999985,7.079999999999927,2.8249999999999997,12.675,Winter
2023-02-10,13.96100000000115,6.3159999999998035,5.541666666666667,9.958333333333332,Winter
2023-02-11,13.17699999999968,7.337000000000444,7.5874999999999995,7.9125000000000005,Winter
2023-02-12,8.949000000000524,6.857999999999265,6.9750000000000005,8.524999999999999,Winter
2023-02-13,13.277999999998428,5.828000000000429,6.520833333333333,8.979166666666668,Winter
2023-02-14,10.9900000000016,6.796999999999571,4.279166666666667,11.220833333333333,Winter
2023-02-15,10.958999999998923,6.994999999999891,4.2749999999999995,11.225000000000001,Winter
2023-02-16,11.140000000001237,5.751000000000204,8.141666666666667,7.3583333333333325,Winter
2023-02-17,10.846999999999753,4.625,9.541666666666666,5.958333333333334,Winter
2023-02-18,14.397000000000844,6.543999999999869,9.383333333333333,6.116666666666667,Winter
2023-02-19,15.117999999998574,5.923000000000684,7.4875,8.0125,Winter
2023-02-20,8.28399999999965,6.582999999999629,7.808333333333334,7.691666666666666,Winter
2023-02-21,10.292999999999665,4.997000000000298,8.220833333333333,7.279166666666667,Winter
2023-02-22,8.01600000000144,6.3149999999996,6.0,9.5,Winter
2023-02-23,12.47899999999936,6.931000000000495,6.4375,9.0625,Winter
2023-02-24,10.354999999999563,7.145999999999731,5.495833333333334,10.004166666666666,Winter
2023-02-25,10.970000000001164,7.2039999999997235,4.916666666666667,10.583333333333332,Winter
2023-02-26,16.09899999999834,7.0460000000002765,3.3666666666666667,12.133333333333333,Winter
2023-02-27,8.601000000000568,6.572000000000116,3.5749999999999997,11.925,Winter
2023-02-28,12.841000000002168,6.835000000000036,2.5083333333333333,12.991666666666667,Winter
2023-03-01,13.898999999997613,8.251999999999498,1.7333333333333334,13.766666666666666,Spring
2023-03-02,9.50800000000163,6.131000000000313,3.204166666666667,12.295833333333333,Spring
2023-03-03,10.126000000000204,7.918999999999869,4.358333333333333,11.141666666666666,Spring
2023-03-04,15.462999999999738,5.47400000000016,6.1499999999999995,9.350000000000001,Spring
2023-03-05,12.027999999998428,7.859000000000378,4.45,11.05,Spring
2023-03-06,10.217000000000553,5.925999999999476,4.6125,10.8875,Spring
2023-03-07,9.498999999999796,7.001000000000204,3.1999999999999997,12.3,Spring
2023-03-08,15.102999999999156,8.842999999999847,1.2166666666666666,14.283333333333333,Spring
2023-03-09,7.490000000001601,9.45300000000043,1.625,13.875,Spring
2023-03-10,9.989999999999782,7.77599999999984,2.1166666666666667,13.383333333333333,Spring
2023-03-11,14.295000000000073,8.966999999999643,2.941666666666667,12.558333333333334,Spring
2023-03-12,11.604999999999563,6.394000000000233,6.166666666666667,9.333333333333332,Spring
2023-03-13,13.657999999999447,5.470000000000255,11.283333333333333,4.216666666666667,Spring
2023-03-14,12.706000000000131,4.782999999999447,6.620833333333334,8.879166666666666,Spring
2023-03-15,13.180999999998676,5.523000000000138,4.6,10.9,Spring
2023-03-16,9.744000000002416,4.930000000000291,8.070833333333333,7.429166666666667,Spring
2023-03-17,11.162999999998647,3.4349999999994907,10.916666666666666,4.583333333333334,Spring
2023-03-18,12.916000000001077,3.292000000000371,10.9,4.6,Spring
2023-03-19,19.217999999998938,3.84900000000016,8.695833333333333,6.804166666666667,Spring
2023-03-20,8.947000000001935,3.662999999999556,7.766666666666667,7.733333333333333,Spring
2023-03-21,10.462999999997919,4.432999999999993,9.829166666666667,5.6708333333333325,Spring
2023-03-22,9.701000000000931,4.976999999999862,10.25,5.25,Spring
2023-03-23,8.235000000000582,3.673000000000684,11.420833333333334,4.079166666666666,Spring
2023-03-24,9.43199999999888,3.196999999999207,10.233333333333333,5.2666666666666675,Spring
2023-03-25,10.368000000000393,5.598000000000866,8.737499999999999,6.762500000000001,Spring
2023-03-26,13.722999999999956,3.2839999999996508,6.378260869565217,9.121739130434783,Spring
2023-03-27,8.74200000000019,4.382999999999811,5.1125,10.3875,Spring
2023-03-28,8.90599999999904,4.707000000000335,4.445833333333334,11.054166666666667,Spring
2023-03-29,9.255000000001019,5.032999999999447,9.845833333333333,5.654166666666667,Spring
2023-03-30,7.706999999998516,2.625,11.2875,4.2125,Spring
2023-03-31,10.375,3.287000000000262,10.3375,5.1625,Spring
2023-04-01,17.373999999999796,4.971999999999753,8.883333333333333,6.616666666666667,Spring
2023-04-02,12.161000000000058,4.588000000000648,6.054166666666667,9.445833333333333,Spring
2023-04-03,12.916000000001077,5.3659999999999854,4.795833333333333,10.704166666666666,Spring
2023-04-04,12.034999999999854,5.378999999999905,4.166666666666667,11.333333333333332,Spring
2023-04-05,11.059000000001106,4.108999999999469,4.304166666666666,11.195833333333333,Spring
2023-04-06,12.153999999998632,5.677999999999884,6.129166666666666,9.370833333333334,Spring
2023-04-07,17.152000000001863,3.623000000000502,7.954166666666667,7.545833333333333,Spring
2023-04-08,21.972999999998137,3.9799999999995634,8.333333333333334,7.166666666666666,Spring
2023-04-09,24.406000000002678,3.5120000000006257,10.308333333333334,5.191666666666666,Spring
2023-04-10,11.927999999999884,4.02599999999984,10.408333333333333,5.091666666666667,Spring
2023-04-11,11.859999999998763,2.7979999999997744,9.1875,6.3125,Spring
2023-04-12,12.284999999999854,2.967000000000553,8.783333333333333,6.716666666666667,Spring
2023-04-13,9.985000000000582,2.670999999999367,8.120833333333334,7.379166666666666,Spring
2023-04-14,8.480999999997948,2.9210000000002765,8.508333333333333,6.991666666666667,Spring
2023-04-15,16.048000000002503,3.895999999999731,8.65,6.85,Spring
2023-04-16,15.983000000000175,4.0479999999997744,8.366666666666667,7.133333333333333,Spring
2023-04-17,7.348999999998341,2.7450000000008004,9.870833333333334,5.629166666666666,Spring
2023-04-18,7.727999999999156,3.1749999999992724,9.025,6.475,Spring
2023-04-19,10.427999999999884,2.6340000000000146,9.866666666666667,5.633333333333333,Spring
2023-04-20,8.294000000001688,4.289999999999964,8.25,7.25,Spring
2023-04-21,7.682999999999083,2.76299999999992,10.5625,4.9375,Spring
2023-04-22,12.876000000000204,4.094000000000051,8.658333333333333,6.841666666666667,Spring
2023-04-23,16.398999999999432,3.472000000000662,10.737499999999999,4.762500000000001,Spring
2023-04-24,10.34100000000035,3.1539999999995416,8.504166666666666,6.995833333333334,Spring
2023-04-25,8.223000000001775,2.7210000000004584,6.8625,8.6375,Spring
2023-04-26,9.922999999998865,5.152999999999338,6.5249999999999995,8.975000000000001,Spring
2023-04-27,13.083999999998923,3.326000000000022,7.120833333333334,8.379166666666666,Spring
2023-04-28,13.373999999999796,4.562000000000808,9.995833333333334,5.504166666666666,Spring
2023-04-29,11.395000000000437,4.362999999999374,9.729166666666666,5.770833333333334,Spring
2023-04-30,13.226999999998952,3.1700000000000728,10.691666666666668,4.808333333333332,Spring
2023-05-01,7.385000000002037,3.319999999999709,10.854166666666666,4.645833333333334,Spring
2023-05-02,10.709999999999127,1.7000000000007276,8.875,6.625,Spring
2023-05-03,9.890999999999622,2.8519999999998618,8.85,6.65,Spring
2023-05-04,7.790000000000873,0.5369999999993524,12.9625,2.5374999999999996,Spring
2023-05-05,11.06499999999869,1.9370000000008076,13.3125,2.1875,Spring
2023-05-06,15.009000000001834,0.543999999999869,13.762500000000001,1.737499999999999,Spring
2023-05-07,13.99199999999837,2.5850000000000364,14.658333333333333,0.8416666666666668,Spring
2023-05-08,8.575000000000728,0.8559999999997672,12.795833333333334,2.7041666666666657,Spring
2023-05-09,12.527000000001863,1.5670000000000073,13.229166666666666,2.270833333333334,Spring
2023-05-10,9.03599999999824,1.3590000000003783,11.6875,3.8125,Spring
2023-05-11,10.642000000001644,1.514999999999418,12.924999999999999,2.575000000000001,Spring
2023-05-12,8.71600000000035,0.6010000000005675,14.862499999999999,0.6375000000000011,Spring
2023-05-13,14.044999999998254,1.4699999999993452,14.625,0.875,Spring
2023-05-14,17.77100000000064,1.0979999999999563,12.120833333333332,3.379166666666668,Spring
2023-05-15,7.231999999999971,1.5,10.4,5.1,Spring
2023-05-16,8.677999999999884,0.8170000000000073,10.229166666666666,5.270833333333334,Spring
2023-05-17,7.040000000000873,0.5090000000000146,10.1625,5.3375,Spring
2023-05-18,8.579999999998108,1.4220000000004802,9.5875,5.9125,Spring
2023-05-19,7.637000000000626,0.7150000000001455,12.304166666666667,3.195833333333333,Spring
2023-05-20,8.154999999998836,1.8319999999994252,14.479166666666666,1.020833333333334,Spring
2023-05-21,15.827000000001135,0.9499999999998181,14.9,0.5999999999999996,Spring
2023-05-22,8.567999999999302,2.286000000000058,14.770833333333334,0.7291666666666661,Spring
2023-05-23,9.949000000000524,0.7240000000001601,12.25,3.25,Spring
2023-05-24,10.953999999999724,1.8870000000006257,11.308333333333332,4.191666666666668,Spring
2023-05-25,8.031000000000859,2.219999999999345,12.645833333333334,2.854166666666666,Spring
2023-05-26,6.597999999999956,0.8900000000003274,12.241666666666667,3.258333333333333,Spring
2023-05-27,7.814000000000306,0.3389999999999418,13.329166666666666,2.1708333333333343,Spring
2023-05-28,8.204999999999927,0.4039999999995416,14.520833333333334,0.9791666666666661,Spring
2023-05-29,10.299999999999272,1.1870000000008076,12.233333333333334,3.2666666666666657,Spring
2023-05-30,14.026000000001659,2.0799999999999272,12.508333333333333,2.991666666666667,Spring
2023-05-31,7.179999999996653,1.4399999999995998,14.641666666666666,0.8583333333333343,Spring
2023-06-01,9.367000000002008,1.0919999999996435,12.333333333333334,3.166666666666666,Summer
2023-06-02,13.090000000000146,0.7210000000004584,13.299999999999999,2.200000000000001,Summer
2023-06-03,11.590000000000146,0.9669999999996435,15.854166666666666,0.0,Summer
2023-06-04,18.641999999999825,1.9140000000006694,14.9625,0.5374999999999996,Summer
2023-06-05,6.880000000001019,0.25099999999929423,13.375,2.125,Summer
2023-06-06,4.8619999999991705,0.8900000000003274,14.237499999999999,1.262500000000001,Summer
2023-06-07,4.962999999997919,0.0860000000002401,14.975,0.5250000000000004,Summer
2023-06-08,4.816000000002532,0.0,16.266666666666666,0.0,Summer
2023-06-09,4.730999999997948,0.0,20.445833333333333,0.0,Summer
2023-06-10,4.804000000000087,0.0,23.337500000000002,0.0,Summer
2023-06-11,4.9099999999998545,0.0,24.458333333333332,0.0,Summer
2023-06-12,10.387000000000626,0.3329999999996289,23.974999999999998,0.0,Summer
2023-06-13,10.28900000000067,0.4110000000000582,22.34583333333333,0.0,Summer
2023-06-14,9.747999999999593,1.3980000000001382,21.025,0.0,Summer
2023-06-15,11.04700000000048,1.7979999999997744,20.2375,0.0,Summer
2023-06-16,13.19000000000051,0.6340000000000146,18.841666666666665,0.0,Summer
2023-06-17,10.622999999999593,1.0190000000002328,19.091666666666665,0.0,Summer
2023-06-18,7.457999999998719,1.0230000000001382,21.016666666666666,0.0,Summer
2023-06-19,8.82300000000032,0.5649999999995998,19.270833333333332,0.0,Summer
2023-06-20,9.295000000001892,2.1350000000002183,21.625,0.0,Summer
2023-06-21,7.620999999999185,0.4350000000004002,18.445833333333333,0.0,Summer
2023-06-22,9.268000000000029,1.1779999999998836,19.025000000000002,0.0,Summer
2023-06-23,9.682000000000698,0.42599999999947613,19.283333333333335,0.0,Summer
2023-06-24,10.415999999997439,1.1060000000006767,19.4875,0.0,Summer
2023-06-25,9.475000000002183,0.8559999999997672,23.34583333333333,0.0,Summer
2023-06-26,16.315999999998894,0.8139999999993961,19.020833333333332,0.0,Summer
2023-06-27,7.381000000001222,0.9239999999999782,17.308333333333334,0.0,Summer
2023-06-28,8.02299999999741,0.8820000000005166,18.041666666666668,0.0,Summer
2023-06-29,9.077000000001135,0.7849999999998545,17.791666666666668,0.0,Summer
2023-06-30,13.881000000001222,1.5,17.091666666666665,0.0,Summer
2023-07-01,11.328000000001339,0.5839999999998327,17.541666666666668,0.0,Summer
2023-07-02,9.617999999998574,1.305000000000291,16.866666666666667,0.0,Summer
2023-07-03,9.377000000000407,1.3940000000002328,16.474999999999998,0.0,Summer
2023-07-04,8.32499999999709,0.8789999999999054,16.545833333333334,0.0,Summer
2023-07-05,10.651000000001659,1.626999999999498,14.887500000000001,0.6124999999999989,Summer
2023-07-06,7.730999999999767,1.2200000000002547,16.650000000000002,0.0,Summer
2023-07-07,9.230999999999767,0.5060000000003129,20.129166666666666,0.0,Summer
2023-07-08,7.754000000000815,0.7969999999995707,22.820833333333336,0.0,Summer
2023-07-09,15.231999999999971,1.5410000000001673,19.866666666666667,0.0,Summer
2023-07-10,10.016999999999825,1.8019999999996799,18.7625,0.0,Summer
2023-07-11,9.579000000001543,0.8770000000004075,19.575,0.0,Summer
2023-07-12,10.213999999999942,1.0540000000000873,17.566666666666666,0.0,Summer
2023-07-13,5.791999999997643,0.5469999999995707,17.5625,0.0,Summer
2023-07-14,4.043000000001484,0.0,18.908333333333335,0.0,Summer
2023-07-15,3.9249999999992724,0.0,20.604166666666668,0.0,Summer
2023-07-16,3.1790000000000873,0.0,18.2,0.0,Summer
2023-07-17,2.6450000000004366,0.0,17.383333333333333,0.0,Summer
2023-07-18,2.680000000000291,0.0,17.870833333333334,0.0,Summer
2023-07-19,2.7219999999979336,0.0,17.195833333333333,0.0,Summer
2023-07-20,2.6340000000018335,0.0,16.345833333333335,0.0,Summer
2023-07-21,2.7160000000003492,0.0,15.6875,0.0,Summer
2023-07-22,2.649999999997817,0.0,16.295833333333334,0.0,Summer
2023-07-23,2.5760000000009313,0.0,17.641666666666666,0.0,Summer
2023-07-24,2.5610000000015134,0.0,17.266666666666666,0.0,Summer
2023-07-25,2.6749999999992724,0.0,15.512500000000001,0.0,Summer
2023-07-26,2.5900000000001455,0.0,15.879166666666668,0.0,Summer
2023-07-27,2.610000000000582,0.0,17.287499999999998,0.0,Summer
2023-07-28,5.248999999999796,0.9239999999999782,18.991666666666667,0.0,Summer
2023-07-29,11.844999999997526,1.3710000000000946,18.520833333333332,0.0,Summer
2023-07-30,12.757000000001426,0.6280000000006112,17.849999999999998,0.0,Summer
2023-07-31,5.882000000001426,0.3169999999990978,18.004166666666666,0.0,Summer
2023-08-01,5.822000000000116,0.42700000000058935,17.054166666666667,0.0,Summer
2023-08-02,9.444999999999709,0.5469999999995707,17.054166666666667,0.0,Summer
2023-08-03,7.786000000000058,0.5010000000002037,16.858333333333334,0.0,Summer
2023-08-04,12.231999999999971,1.1329999999998108,16.741666666666667,0.0,Summer
2023-08-05,11.562000000001717,1.0190000000002328,15.366666666666667,0.13333333333333286,Summer
2023-08-06,16.618999999998778,1.5219999999999345,15.2125,0.28749999999999964,Summer
2023-08-07,9.044999999998254,0.5,15.875,0.0,Summer
2023-08-08,7.359000000000378,1.6450000000004366,16.537499999999998,0.0,Summer
2023-08-09,8.748999999999796,0.8599999999996726,16.308333333333334,0.0,Summer
2023-08-10,8.95799999999872,0.7809999999999491,17.720833333333335,0.0,Summer
2023-08-11,8.384000000001834,0.6540000000004511,19.287499999999998,0.0,Summer
2023-08-12,10.863000000001193,0.727999999999156,19.025000000000002,0.0,Summer
2023-08-13,19.774999999997817,1.3900000000003274,18.470833333333335,0.0,Summer
2023-08-14,11.162000000000262,0.6419999999998254,19.6375,0.0,Summer
2023-08-15,13.373999999999796,0.7570000000005166,18.604166666666668,0.0,Summer
2023-08-16,10.850999999998749,1.219000000000051,17.941666666666666,0.0,Summer
2023-08-17,4.575000000000728,0.33699999999953434,18.55,0.0,Summer
2023-08-18,2.7449999999989814,0.0,20.520833333333332,0.0,Summer
2023-08-19,2.721000000001368,0.0,21.175,0.0,Summer
2023-08-20,2.782999999999447,0.0,18.8125,0.0,Summer
2023-08-21,3.5230000000010477,0.0,18.150000000000002,0.0,Summer
2023-08-22,11.18500000000131,1.155999999999949,18.179166666666667,0.0,Summer
2023-08-23,14.734999999996944,1.1220000000002983,18.795833333333334,0.0,Summer
2023-08-24,9.019000000000233,0.43099999999958527,19.454166666666666,0.0,Summer
2023-08-25,10.278000000002066,1.235000000000582,19.020833333333332,0.0,Summer
2023-08-26,12.651000000001659,1.0839999999998327,16.133333333333333,0.0,Summer
2023-08-27,11.597999999998137,0.7600000000002183,15.512500000000001,0.0,Summer
2023-08-28,8.266999999999825,1.2559999999994034,16.591666666666665,0.0,Summer
2023-08-29,9.955000000001746,1.4949999999998909,16.020833333333332,0.0,Summer
2023-08-30,11.610999999997148,1.0410000000001673,14.841666666666667,0.6583333333333332,Summer
2023-08-31,6.789000000000669,0.7780000000002474,15.658333333333333,0.0,Summer
2023-09-01,9.706999999998516,1.344000000000051,16.0,0.0,Autumn
2023-09-02,12.871000000002823,1.1289999999999054,17.591666666666665,0.0,Autumn
2023-09-03,7.7959999999984575,1.5739999999996144,17.054166666666667,0.0,Autumn
2023-09-04,6.016999999999825,0.9690000000000509,18.491666666666667,0.0,Autumn
2023-09-05,9.710000000002765,0.785000000000764,21.05,0.0,Autumn
2023-09-06,11.150999999998021,1.2860000000000582,22.1125,0.0,Autumn
2023-09-07,9.342000000000553,0.6089999999994689,22.125,0.0,Autumn
2023-09-08,8.587999999999738,0.16200000000026193,20.816666666666666,0.0,Autumn
2023-09-09,5.990000000001601,0.9600000000000364,21.329166666666666,0.0,Autumn
2023-09-10,7.796999999998661,1.2969999999995707,23.479166666666668,0.0,Autumn
2023-09-11,7.759999999998399,0.5470000000004802,21.579166666666666,0.0,Autumn
2023-09-12,8.854999999999563,0.5059999999994034,19.625,0.0,Autumn
2023-09-13,8.5,0.5390000000006694,17.55,0.0,Autumn
2023-09-14,8.057000000000698,1.1219999999993888,15.816666666666668,0.0,Autumn
2023-09-15,6.380000000001019,0.3930000000000291,16.666666666666668,0.0,Autumn
2023-09-16,10.096000000001368,1.0010000000002037,18.379166666666666,0.0,Autumn
2023-09-17,13.464999999996508,0.5870000000004438,18.254166666666666,0.0,Autumn
2023-09-18,11.936000000001513,1.0229999999992287,18.733333333333334,0.0,Autumn
2023-09-19,11.109000000000378,0.967000000000553,17.166666666666668,0.0,Autumn
2023-09-20,10.843000000000757,1.5169999999998254,18.941666666666666,0.0,Autumn
2023-09-21,10.487999999997555,0.6289999999999054,16.833333333333332,0.0,Autumn
2023-09-22,12.56300000000192,0.625,13.670833333333334,1.8291666666666657,Autumn
2023-09-23,13.061000000001513,1.1340000000000146,14.0875,1.4124999999999996,Autumn
2023-09-24,17.289999999997235,1.6170000000001892,14.941666666666668,0.5583333333333318,Autumn
2023-09-25,9.601000000002387,0.9149999999999636,16.216666666666665,0.0,Autumn
2023-09-26,9.828999999997905,1.1329999999998108,17.179166666666667,0.0,Autumn
2023-09-27,6.203000000001339,0.6419999999998254,18.345833333333335,0.0,Autumn
2023-09-28,9.059000000001106,0.38700000000062573,18.070833333333333,0.0,Autumn
2023-09-29,6.704999999998108,1.2729999999992287,17.366666666666667,0.0,Autumn
2023-09-30,10.399999999997817,2.1220000000002983,16.283333333333335,0.0,Autumn
2023-10-01,11.28399999999965,0.7039999999997235,17.420833333333334,0.0,Autumn
2023-10-02,6.665000000000873,0.7930000000005748,18.6875,0.0,Autumn
2023-10-03,8.566000000002532,1.225999999999658,17.2375,0.0,Autumn
2023-10-04,6.319999999999709,0.6289999999999054,16.1375,0.0,Autumn
2023-10-05,8.56000000000131,1.6270000000004075,16.479166666666668,0.0,Autumn
2023-10-06,6.693999999999505,0.41200000000026193,17.158333333333335,0.0,Autumn
2023-10-07,9.719999999997526,2.3359999999993306,18.3,0.0,Autumn
2023-10-08,9.957000000002154,1.3810000000003129,16.870833333333334,0.0,Autumn
2023-10-09,8.31199999999808,0.568000000000211,17.691666666666666,0.0,Autumn
2023-10-10,13.5470000000023,1.3599999999996726,17.195833333333333,0.0,Autumn
2023-10-11,9.575000000000728,1.1159999999999854,17.8125,0.0,Autumn
2023-10-12,8.927999999999884,1.1220000000002983,15.620833333333332,0.0,Autumn
2023-10-13,8.350999999998749,0.931999999999789,17.9875,0.0,Autumn
2023-10-14,13.136999999998807,1.8950000000004366,12.954166666666666,2.5458333333333343,Autumn
2023-10-15,10.879000000000815,1.6159999999999854,9.975,5.525,Autumn
2023-10-16,6.738000000001193,3.8549999999995634,10.200000000000001,5.299999999999999,Autumn
2023-10-17,13.141999999996187,3.043999999999869,9.366666666666667,6.133333333333333,Autumn
2023-10-18,11.291000000001077,4.7409999999999854,9.612499999999999,5.887500000000001,Autumn
2023-10-19,9.976000000002387,2.8890000000001237,14.8375,0.6624999999999996,Autumn
2023-10-20,10.271999999997206,2.83600000000024,12.2125,3.2874999999999996,Autumn
2023-10-21,14.863000000001193,3.706999999999425,13.241666666666667,2.258333333333333,Autumn
2023-10-22,14.138999999999214,2.831000000000131,13.095833333333333,2.404166666666667,Autumn
2023-10-23,9.599000000001979,4.038000000000466,10.820833333333333,4.679166666666667,Autumn
2023-10-24,9.043000000001484,2.7979999999997744,11.895833333333334,3.604166666666666,Autumn
2023-10-25,12.756999999997788,3.131999999999607,10.65,4.85,Autumn
2023-10-26,9.699000000000524,3.5460000000002765,9.2125,6.2875,Autumn
2023-10-27,11.340000000000146,4.317000000000007,10.520833333333334,4.979166666666666,Autumn
2023-10-28,11.644000000000233,3.4970000000002983,11.091666666666667,4.408333333333333,Autumn
2023-10-29,18.401999999998225,3.7969999999995707,12.515999999999998,2.9840000000000018,Autumn
2023-10-30,10.139999999999418,3.5830000000005384,11.725,3.7750000000000004,Autumn
2023-10-31,10.68500000000131,2.7899999999999636,11.487499999999999,4.012500000000001,Autumn
2023-11-01,9.049000000002707,2.8339999999998327,11.979166666666666,3.520833333333334,Autumn
2023-11-02,10.614999999997963,4.44800000000032,10.475,5.025,Autumn
2023-11-03,11.075000000000728,3.8989999999994325,10.737499999999999,4.762500000000001,Autumn
2023-11-04,11.121999999999389,5.417000000000371,9.112499999999999,6.387500000000001,Autumn
2023-11-05,18.5,5.201000000000022,10.316666666666666,5.183333333333334,Autumn
2023-11-06,11.557999999997264,3.600999999999658,10.5625,4.9375,Autumn
2023-11-07,10.18500000000131,4.467999999999847,10.429166666666667,5.070833333333333,Autumn
2023-11-08,12.89600000000064,4.677000000000589,10.166666666666666,5.333333333333334,Autumn
2023-11-09,8.16400000000067,4.322999999999411,9.883333333333333,5.616666666666667,Autumn
2023-11-10,13.001000000000204,5.731999999999971,8.266666666666667,7.2333333333333325,Autumn
2023-11-11,15.566999999999098,4.92200000000048,8.820833333333333,6.679166666666667,Autumn
2023-11-12,12.564000000002125,5.619999999999891,7.216666666666666,8.283333333333335,Autumn
2023-11-13,8.35399999999936,3.813000000000102,10.2875,5.2125,Autumn
2023-11-14,10.569999999996071,4.027000000000044,11.9125,3.5875000000000004,Autumn
2023-11-15,11.127000000000407,3.8679999999994834,10.629166666666666,4.870833333333334,Autumn
2023-11-16,9.223000000001775,3.8590000000003783,7.979166666666667,7.520833333333333,Autumn
2023-11-17,9.96600000000035,4.8729999999995925,6.645833333333333,8.854166666666668,Autumn
2023-11-18,14.721000000001368,4.951000000000022,8.629166666666666,6.870833333333334,Autumn
2023-11-19,13.42699999999968,4.354000000000269,12.7125,2.7874999999999996,Autumn
2023-11-20,8.412999999996828,2.774000000000342,10.766666666666666,4.733333333333334,Autumn
2023-11-21,8.983000000003813,3.4769999999998618,9.333333333333334,6.166666666666666,Autumn
2023-11-22,9.63799999999901,4.858999999999469,6.604166666666667,8.895833333333332,Autumn
2023-11-23,8.791000000001077,3.6970000000001164,12.066666666666668,3.433333333333332,Autumn
2023-11-24,9.89799999999741,5.0590000000001965,8.016666666666667,7.4833333333333325,Autumn
2023-11-25,11.722000000001572,5.373000000000502,7.425,8.075,Autumn
2023-11-26,13.333999999998923,5.860999999999876,7.070833333333333,8.429166666666667,Autumn
2023-11-27,10.159999999999854,6.712999999999738,5.004166666666666,10.495833333333334,Autumn
2023-11-28,8.006000000001222,6.045000000000073,3.475,12.025,Autumn
2023-11-29,8.462999999999738,7.927999999999884,4.091666666666667,11.408333333333333,Autumn
2023-11-30,14.182000000000698,6.546999999999571,0.3625,15.1375,Autumn
2023-12-01,11.808999999997468,9.022000000000844,-0.9208333333333334,16.420833333333334,Winter
2023-12-02,17.733000000000175,8.227999999999156,0.2333333333333333,15.266666666666667,Winter
2023-12-03,10.700000000000728,8.850000000000364,0.8541666666666666,14.645833333333334,Winter
2023-12-04,10.135000000002037,8.872999999999593,2.5958333333333337,12.904166666666667,Winter
2023-12-05,12.18699999999808,7.593000000000757,2.654166666666667,12.845833333333333,Winter
2023-12-06,12.04200000000128,7.902999999999338,5.3999999999999995,10.100000000000001,Winter
2023-12-07,9.450000000000728,7.466000000000349,1.9000000000000001,13.6,Winter
2023-12-08,10.822999999996682,8.596999999999753,5.5125,9.9875,Winter
2023-12-09,8.01600000000326,6.3159999999998035,7.966666666666666,7.533333333333334,Winter
2023-12-10,15.871999999999389,5.802000000000589,9.729166666666666,5.770833333333334,Winter
2023-12-11,12.75499999999738,6.711999999999534,9.404166666666667,6.095833333333333,Winter
2023-12-12,9.329000000001543,5.731000000000677,7.566666666666666,7.933333333333334,Winter
2023-12-13,13.180000000000291,4.26299999999992,7.354166666666667,8.145833333333332,Winter
2023-12-14,7.156999999999243,5.405999999999949,6.166666666666667,9.333333333333332,Winter
2023-12-15,9.579000000001543,6.734999999999673,8.154166666666667,7.345833333333333,Winter
2023-12-16,19.511999999998807,5.690000000000509,9.091666666666667,6.408333333333333,Winter
2023-12-17,13.29200000000128,4.8149999999996,8.924999999999999,6.575000000000001,Winter
2023-12-18,8.30699999999706,4.77599999999984,9.0875,6.4125,Winter
2023-12-19,9.939000000002125,5.0020000000004075,9.608333333333333,5.8916666666666675,Winter
2023-12-20,8.549999999999272,6.015999999999622,8.666666666666666,6.833333333333334,Winter
2023-12-21,9.709000000002561,4.623999999999796,9.991666666666667,5.508333333333333,Winter
2023-12-22,15.394000000000233,5.38300000000072,8.487499999999999,7.012500000000001,Winter
2023-12-23,17.305999999996857,5.096999999999753,9.6625,5.8375,Winter
2023-12-24,22.397000000000844,6.291999999999462,10.9625,4.5375,Winter
2023-12-25,11.672999999998865,4.566000000000713,10.758333333333333,4.741666666666667,Winter
2023-12-26,10.014999999999418,4.480999999999767,8.495833333333334,7.004166666666666,Winter
2023-12-27,11.834999999999127,7.072000000000116,7.466666666666666,8.033333333333335,Winter
2023-12-28,16.13600000000224,4.710000000000036,10.5625,4.9375,Winter
2023-12-29,8.763000000002648,5.886999999999716,9.262500000000001,6.237499999999999,Winter
2023-12-30,18.453999999997905,5.886999999999716,8.454166666666667,7.0458333333333325,Winter
2023-12-31,15.481999999999971,4.593000000000757,8.674999999999999,6.825000000000001,Winter
2024-01-01,14.916000000001077,5.2409999999999854,7.733333333333333,7.766666666666667,Winter
2024-01-02,11.86699999999837,4.419999999999163,10.054166666666665,5.445833333333335,Winter
2024-01-03,10.284999999999854,5.2150000000001455,9.012500000000001,6.487499999999999,Winter
2024-01-04,11.753000000000611,5.278000000000247,7.612500000000001,7.887499999999999,Winter
2024-01-05,14.09400000000096,4.431999999999789,7.216666666666666,8.283333333333335,Winter
2024-01-06,9.943999999999505,5.329000000000633,4.575,10.925,Winter
2024-01-07,12.440999999998894,8.219000000000051,0.7833333333333333,14.716666666666667,Winter
2024-01-08,12.634000000001834,11.02099999999973,-0.75,16.25,Winter
2024-01-09,10.850999999998749,13.292999999999665,-2.766666666666667,18.266666666666666,Winter
2024-01-10,12.580000000001746,12.569000000000415,-2.5833333333333335,18.083333333333332,Winter
2024-01-11,11.205999999998312,10.667999999999665,0.6583333333333333,14.841666666666667,Winter
2024-01-12,12.127000000000407,8.826000000000022,5.133333333333334,10.366666666666667,Winter
2024-01-13,10.333999999998923,7.875,5.675,9.825,Winter
2024-01-14,17.980999999999767,9.47400000000016,5.116666666666666,10.383333333333333,Winter
2024-01-15,10.360000000000582,8.338999999999942,3.5541666666666667,11.945833333333333,Winter
2024-01-16,13.106999999999971,8.878999999999905,2.2416666666666667,13.258333333333333,Winter
2024-01-17,11.189000000002125,9.259000000000015,-0.13333333333333333,15.633333333333333,Winter
2024-01-18,8.683000000000902,8.685999999999694,2.120833333333333,13.379166666666666,Winter
2024-01-19,13.768999999996595,8.859000000000378,3.85,11.65,Winter
2024-01-20,14.545999999998457,9.543999999999869,2.2083333333333335,13.291666666666666,Winter
2024-01-21,12.555000000000291,9.471999999999753,4.520833333333333,10.979166666666668,Winter
2024-01-22,9.807000000000698,7.845000000000255,9.174999999999999,6.325000000000001,Winter
2024-01-23,9.916000000001077,7.3770000000004075,7.883333333333333,7.616666666666667,Winter
2024-01-24,11.242000000002008,7.47899999999936,9.479166666666666,6.020833333333334,Winter
2024-01-25,11.475999999998749,5.9190000000007785,7.258333333333334,8.241666666666667,Winter
2024-01-26,11.279999999998836,6.576999999999316,8.129166666666666,7.370833333333334,Winter
2024-01-27,8.126000000000204,6.507999999999811,4.766666666666667,10.733333333333334,Winter
2024-01-28,11.118999999998778,8.207000000000335,4.404166666666667,11.095833333333333,Winter
2024-01-31,13.430000000000291,6.744999999999891,6.2375,9.2625,Winter
2024-02-01,9.734000000000378,5.791999999999462,6.9750000000000005,8.524999999999999,Winter
2024-02-02,11.128000000000611,6.913000000000466,7.991666666666667,7.508333333333333,Winter
2024-02-03,14.375,6.313000000000102,9.366666666666667,6.133333333333333,Winter
2024-02-04,9.072000000000116,7.0919999999996435,9.429166666666667,6.070833333333333,Winter
2024-02-05,7.641999999999825,5.819000000000415,8.775,6.725,Winter
2024-02-06,8.559000000001106,6.5919999999996435,9.487499999999999,6.012500000000001,Winter
2024-02-07,8.152000000001863,6.188000000000102,5.079166666666667,10.420833333333334,Winter
2024-02-08,9.12199999999575,7.685999999999694,2.3874999999999997,13.1125,Winter
2024-02-09,9.817999999999302,6.1140000000004875,10.154166666666667,5.345833333333333,Winter
2024-02-10,9.702000000001135,7.335000000000036,9.816666666666666,5.683333333333334,Winter
2024-02-11,16.56499999999869,6.6229999999995925,8.170833333333333,7.3291666666666675,Winter
2024-02-12,13.003000000000611,5.636000000000422,6.695833333333333,8.804166666666667,Winter
2024-02-13,9.350000000002183,7.376999999999498,6.9750000000000005,8.524999999999999,Winter
2024-02-14,9.758999999998196,5.954999999999927,10.033333333333333,5.466666666666667,Winter
2024-02-15,11.229999999999563,5.791000000000167,12.608333333333334,2.8916666666666657,Winter
2024-02-16,7.780000000002474,4.721000000000458,10.345833333333333,5.154166666666667,Winter
2024-02-17,14.52299999999741,5.4669999999996435,9.025,6.475,Winter
2024-02-18,14.996000000002823,5.6710000000002765,9.154166666666667,6.345833333333333,Winter
2024-02-19,9.313999999998487,7.161000000000058,8.158333333333333,7.341666666666667,Winter
2024-02-20,11.479999999999563,5.822999999999411,8.358333333333333,7.1416666666666675,Winter
2024-02-21,15.130000000001019,6.949000000000524,9.166666666666666,6.333333333333334,Winter
2024-02-22,12.22899999999936,5.893999999999323,9.6875,5.8125,Winter
2024-02-23,13.236000000000786,6.623000000000502,5.720833333333334,9.779166666666665,Winter
2024-02-24,5.878999999997177,1.9679999999998472,4.5249999999999995,10.975000000000001,Winter
2024-02-25,2.569999999999709,0.25900000000001455,5.825,9.675,Winter
2024-02-26,4.3400000000037835,5.104999999999563,5.304166666666666,10.195833333333333,Winter
2024-02-27,3.7069999999985157,3.2750000000005457,4.8875,10.6125,Winter
2024-02-28,3.8869999999988067,2.5659999999998035,7.625,7.875,Winter
2024-02-29,4.148000000001048,1.8400000000001455,8.329166666666667,7.1708333333333325,Winter
2024-03-01,4.1820000000006985,1.6610000000000582,7.4750000000000005,8.024999999999999,Spring
2024-03-02,4.188999999998487,4.697000000000116,8.0,7.5,Spring
2024-03-03,15.944000000003143,9.39599999999973,9.041666666666666,6.458333333333334,Spring
2024-03-04,13.867999999998574,7.015999999999622,6.741666666666667,8.758333333333333,Spring
2024-03-05,9.66899999999805,6.106999999999971,5.316666666666666,10.183333333333334,Spring
2024-03-06,12.71900000000096,5.140000000000327,5.6875,9.8125,Spring
2024-03-07,11.098999999998341,5.393000000000029,5.8,9.7,Spring
2024-03-08,10.519000000000233,7.287000000000262,5.295833333333333,10.204166666666666,Spring
2024-03-09,11.54200000000128,7.170000000000073,8.020833333333334,7.479166666666666,Spring
2024-03-10,17.245999999999185,7.671999999999571,9.0875,6.4125,Spring
2024-03-11,10.347999999998137,5.3100000000004,7.3374999999999995,8.162500000000001,Spring
2024-03-12,9.459000000002561,5.255000000000109,8.487499999999999,7.012500000000001,Spring
2024-03-13,9.510999999998603,3.5059999999994034,10.345833333333333,5.154166666666667,Spring
2024-03-14,8.072000000000116,3.2730000000001382,12.004166666666668,3.495833333333332,Spring
2024-03-15,10.611000000004424,2.4600000000000364,11.362499999999999,4.137500000000001,Spring
2024-03-16,15.192999999999302,3.3079999999999927,7.625,7.875,Spring
2024-03-17,13.955999999998312,4.653000000000247,9.387500000000001,6.112499999999999,Spring
2024-03-18,11.586999999999534,2.4030000000002474,9.766666666666667,5.7333333333333325,Spring
2024-03-19,8.332000000002154,2.5289999999995416,10.0625,5.4375,Spring
2024-03-20,10.73399999999674,2.662000000000262,9.554166666666667,5.945833333333333,Spring
2024-03-21,10.334999999999127,3.0869999999995343,8.679166666666667,6.820833333333333,Spring
2024-03-22,11.155000000002474,4.393000000000029,9.299999999999999,6.200000000000001,Spring
2024-03-23,11.229999999999563,4.73700000000008,6.820833333333333,8.679166666666667,Spring
2024-03-24,12.084999999999127,5.681000000000495,6.995833333333334,8.504166666666666,Spring
2024-03-25,7.397000000000844,4.742999999999483,7.891666666666667,7.608333333333333,Spring
2024-03-26,8.834999999999127,5.197000000000116,9.016666666666667,6.4833333333333325,Spring
2024-03-27,10.34400000000096,4.0460000000002765,9.670833333333333,5.8291666666666675,Spring
2024-03-28,8.86200000000099,3.7730000000001382,8.370833333333334,7.129166666666666,Spring
2024-03-29,11.788000000000466,3.9789999999993597,10.6,4.9,Spring
2024-03-30,16.471999999997934,4.208000000000538,8.4375,7.0625,Spring
2024-03-31,11.720000000001164,3.7269999999998618,9.165217391304349,6.334782608695651,Spring
2024-04-01,12.221999999997934,4.018000000000029,9.416666666666666,6.083333333333334,Spring
2024-04-02,8.143000000003667,2.4929999999994834,9.620833333333334,5.879166666666666,Spring
2024-04-03,10.546999999998661,4.3270000000002256,10.487499999999999,5.012500000000001,Spring
2024-04-04,8.602999999999156,3.4130000000004657,10.979166666666666,4.520833333333334,Spring
2024-04-05,10.56499999999869,3.9459999999999127,12.7125,2.7874999999999996,Spring
2024-04-06,12.52400000000489,1.4119999999993524,16.8875,0.0,Spring
2024-04-07,16.28399999999965,0.660000000000764,14.304166666666667,1.1958333333333329,Spring
2024-04-08,6.937999999994645,0.363999999999578,13.470833333333333,2.029166666666667,Spring
2024-04-09,7.257000000001426,1.106999999999971,11.258333333333333,4.241666666666667,Spring
2024-04-10,12.549999999999272,3.07300000000032,10.445833333333333,5.054166666666667,Spring
2024-04-11,12.41700000000128,3.6210000000000946,12.483333333333334,3.0166666666666657,Spring
2024-04-12,13.729999999999563,2.5229999999992287,13.375,2.125,Spring
2024-04-13,13.676000000003114,1.375,14.408333333333333,1.0916666666666668,Spring
2024-04-14,11.482999999996537,3.303000000000793,10.625,4.875,Spring
2024-04-15,9.097000000001572,4.180999999999585,8.679166666666667,6.820833333333333,Spring
2024-04-16,14.056000000000495,4.448999999999614,8.391666666666667,7.1083333333333325,Spring
2024-04-17,11.775999999998021,5.564000000000306,7.05,8.45,Spring
2024-04-18,12.114000000001397,5.416000000000167,7.545833333333333,7.954166666666667,Spring
2024-04-19,12.201000000000931,4.793999999999869,8.616666666666667,6.883333333333333,Spring
2024-04-20,18.65799999999581,4.686999999999898,7.3,8.2,Spring
2024-04-21,10.588999999999942,5.7020000000002256,6.891666666666667,8.608333333333334,Spring
2024-04-22,8.090000000003783,5.141999999999825,6.570833333333333,8.929166666666667,Spring
2024-04-23,8.590000000000146,4.4760000000005675,6.029166666666666,9.470833333333335,Spring
2024-04-24,11.060999999997875,3.407999999999447,6.95,8.55,Spring
2024-04-25,12.32300000000032,4.467999999999847,6.6875,8.8125,Spring
2024-04-26,10.064000000002125,4.545000000000073,7.4125000000000005,8.087499999999999,Spring
2024-04-27,10.199000000000524,3.8100000000004,9.583333333333334,5.916666666666666,Spring
2024-04-28,9.781999999999243,4.425000000000182,12.141666666666666,3.3583333333333343,Spring
2024-04-29,10.544999999998254,2.774999999999636,11.741666666666667,3.758333333333333,Spring
2024-04-30,11.773000000001048,1.6239999999997963,14.908333333333333,0.5916666666666668,Spring
2024-05-01,14.351000000002387,1.079000000000633,15.3375,0.16249999999999964,Spring
2024-05-02,12.195999999996275,1.2119999999995343,16.320833333333333,0.0,Spring
2024-05-03,14.228000000002794,0.5739999999996144,11.445833333333333,4.054166666666667,Spring
2024-05-04,9.76299999999901,1.0830000000005384,11.245833333333332,4.254166666666668,Spring
2024-05-05,14.296999999998661,1.6530000000002474,11.754166666666668,3.745833333333332,Spring
2024-05-06,9.650999999998021,0.49099999999998545,13.708333333333334,1.791666666666666,Spring
2024-05-07,8.212000000003172,1.143000000000029,12.291666666666666,3.208333333333334,Spring
2024-05-08,9.717000000000553,0.4179999999996653,11.529166666666667,3.970833333333333,Spring
2024-05-09,9.120999999999185,1.8909999999996217,11.008333333333333,4.491666666666667,Spring
2024-05-10,10.336999999999534,0.3600000000005821,13.033333333333333,2.466666666666667,Spring
2024-05-11,11.673000000002503,0.7190000000000509,15.429166666666667,0.07083333333333286,Spring
2024-05-12,12.273999999997613,0.7419999999992797,18.245833333333334,0.0,Spring
2024-05-13,7.583999999998923,0.5140000000001237,17.270833333333332,0.0,Spring
2024-05-14,7.58100000000195,1.3890000000001237,18.712500000000002,0.0,Spring
2024-05-15,8.494999999998981,0.32999999999992724,14.358333333333334,1.1416666666666657,Spring
2024-05-16,8.784999999999854,0.7210000000004584,14.616666666666667,0.8833333333333329,Spring
2024-05-17,8.71900000000096,0.443000000000211,13.608333333333334,1.8916666666666657,Spring
2024-05-18,14.361000000000786,0.32299999999941065,15.370833333333332,0.1291666666666682,Spring
2024-05-19,14.148999999997613,1.7070000000003347,15.674999999999999,0.0,Spring
2024-05-20,11.895000000004075,1.0739999999996144,15.104166666666666,0.3958333333333339,Spring
2024-05-21,7.036999999996624,0.48800000000028376,16.125,0.0,Spring
2024-05-22,9.527999999998428,0.4790000000002692,15.429166666666667,0.07083333333333286,Spring
2024-05-23,10.147000000000844,1.0799999999999272,14.741666666666667,0.7583333333333329,Spring
2024-05-24,11.002000000000407,1.0540000000000873,13.625,1.875,Spring
2024-05-25,13.172999999998865,1.0029999999997017,14.695833333333333,0.8041666666666671,Spring
2024-05-26,7.740000000001601,1.181999999999789,15.091666666666667,0.4083333333333332,Spring
2024-05-27,8.67699999999968,0.8119999999998981,14.0375,1.4625000000000004,Spring
2024-05-28,8.869999999998981,0.35500000000047294,14.054166666666667,1.4458333333333329,Spring
2024-05-29,9.081999999998516,0.7680000000000291,14.700000000000001,0.7999999999999989,Spring
2024-05-30,10.690000000002328,2.264999999999418,13.670833333333334,1.8291666666666657,Spring
2024-05-31,5.389999999999418,0.10100000000056752,14.679166666666667,0.8208333333333329,Spring
2024-06-01,3.269000000000233,0.0,14.695833333333333,0.8041666666666671,Summer
2024-06-02,2.6039999999993597,0.0,13.658333333333333,1.8416666666666668,Summer
2024-06-03,2.559000000001106,0.0,13.387500000000001,2.112499999999999,Summer
2024-06-04,2.5689999999995052,0.0,15.2875,0.21250000000000036,Summer
2024-06-05,4.1159999999981665,0.07399999999961437,12.691666666666668,2.808333333333332,Summer
2024-06-06,2.5420000000012806,0.0,12.75,2.75,Summer
2024-06-07,2.57300000000032,0.0,13.3125,2.1875,Summer
2024-06-08,2.5930000000007567,0.0,13.766666666666666,1.7333333333333343,Summer
2024-06-09,13.763999999999214,1.8280000000004293,12.908333333333333,2.591666666666667,Summer
2024-06-10,12.072000000000116,0.5219999999999345,11.766666666666666,3.7333333333333343,Summer
2024-06-11,8.144000000000233,1.7770000000000437,11.7875,3.7125000000000004,Summer
2024-06-12,9.621999999999389,0.5379999999995562,11.491666666666667,4.008333333333333,Summer
2024-06-13,7.585999999999331,1.0250000000005457,13.404166666666667,2.095833333333333,Summer
2024-06-14,11.066000000002532,0.4110000000000582,14.658333333333333,0.8416666666666668,Summer
2024-06-15,12.13799999999901,0.7669999999998254,13.758333333333333,1.7416666666666671,Summer
2024-06-16,9.523000000001048,1.2449999999998909,13.950000000000001,1.549999999999999,Summer
2024-06-17,7.406999999999243,1.050000000000182,14.983333333333334,0.5166666666666657,Summer
2024-06-18,12.532999999999447,1.2100000000000364,14.954166666666667,0.5458333333333325,Summer
2024-06-19,11.804000000000087,0.5969999999997526,14.491666666666667,1.0083333333333329,Summer
2024-06-20,11.227999999999156,1.019999999999527,14.695833333333333,0.8041666666666671,Summer
2024-06-21,9.305000000000291,1.2380000000002838,15.170833333333334,0.3291666666666657,Summer
2024-06-22,9.74199999999837,0.8599999999996726,15.733333333333334,0.0,Summer
2024-06-23,16.27600000000166,1.1150000000006912,16.587500000000002,0.0,Summer
2024-06-24,7.854999999999563,0.7240000000001601,16.554166666666667,0.0,Summer
2024-06-25,8.691000000002532,0.9359999999996944,20.425,0.0,Summer
2024-06-26,10.227999999999156,0.9659999999994398,22.2625,0.0,Summer
2024-06-27,12.148000000001048,1.037000000000262,20.291666666666668,0.0,Summer
2024-06-28,8.12999999999738,0.40200000000004366,16.720833333333335,0.0,Summer
2024-06-29,8.980000000003201,0.5690000000004147,16.858333333333334,0.0,Summer
2024-06-30,15.06499999999869,1.7529999999997017,16.779166666666665,0.0,Summer
2024-07-01,8.992999999998574,0.569999999999709,15.420833333333334,0.07916666666666572,Summer
2024-07-02,11.180000000000291,0.8479999999999563,15.1,0.40000000000000036,Summer
2024-07-03,8.527000000001863,1.2650000000003274,14.0875,1.4124999999999996,Summer
2024-07-04,12.604999999999563,0.6080000000001746,15.570833333333333,0.0,Summer
2024-07-05,9.566999999999098,0.6179999999994834,16.254166666666666,0.0,Summer
2024-07-06,11.671000000002095,1.0230000000001382,16.029166666666665,0.0,Summer
2024-07-07,12.447999999996682,1.2620000000006257,14.262500000000001,1.237499999999999,Summer
2024-07-08,9.252000000000407,1.2139999999999418,15.75,0.0,Summer
2024-07-09,11.296999999998661,0.7029999999995198,18.845833333333335,0.0,Summer
2024-07-10,10.045000000001892,0.9059999999999491,17.745833333333334,0.0,Summer
2024-07-11,8.270000000000437,1.0650000000005093,16.620833333333334,0.0,Summer
2024-07-12,13.027999999998428,0.8419999999996435,14.908333333333333,0.5916666666666668,Summer
2024-07-13,13.088999999999942,0.5050000000001091,14.916666666666666,0.5833333333333339,Summer
2024-07-14,8.415000000000873,0.306999999999789,16.337500000000002,0.0,Summer
2024-07-15,6.294999999998254,0.34500000000025466,18.441666666666666,0.0,Summer
2024-07-16,8.374000000003434,0.988999999999578,17.695833333333333,0.0,Summer
2024-07-17,8.06199999999808,0.5309999999999491,16.770833333333332,0.0,Summer
2024-07-18,11.855000000003201,0.4819999999999709,17.958333333333332,0.0,Summer
2024-07-19,10.22099999999773,0.8850000000002183,22.108333333333334,0.0,Summer
2024-07-20,6.311000000001513,0.3930000000000291,22.054166666666664,0.0,Summer
2024-07-21,3.0819999999985157,0.0,19.025000000000002,0.0,Summer
2024-07-22,3.0020000000004075,0.0,18.029166666666665,0.0,Summer
2024-07-23,3.0060000000012224,0.0,18.325,0.0,Summer
2024-07-24,2.9249999999992724,0.0,17.008333333333333,0.0,Summer
2024-07-25,2.9089999999996508,0.0,18.141666666666666,0.0,Summer
2024-07-26,2.985000000000582,0.0,18.241666666666667,0.0,Summer
2024-07-27,2.911000000000058,0.0,17.241666666666667,0.0,Summer
2024-07-28,2.8869999999988067,0.0,17.875,0.0,Summer
2024-07-29,2.992999999998574,0.0,19.425,0.0,Summer
2024-07-30,2.963999999999942,0.0,21.095833333333335,0.0,Summer
2024-07-31,3.0380000000004657,0.0,21.091666666666665,0.0,Summer
2024-08-01,3.0750000000007276,0.0,19.662499999999998,0.0,Summer
2024-08-02,3.0320000000028813,0.0,19.633333333333333,0.0,Summer
2024-08-03,2.9949999999953434,0.0,19.974999999999998,0.0,Summer
2024-08-04,3.467000000004191,0.0,17.900000000000002,0.0,Summer
2024-08-05,11.250999999996566,0.7330000000001746,18.391666666666666,0.0,Summer
2024-08-06,14.418000000001484,1.631999999999607,20.279166666666665,0.0,Summer
2024-08-07,11.005999999997584,1.0520000000005894,19.537499999999998,0.0,Summer
2024-08-08,10.531999999999243,0.6859999999996944,20.087500000000002,0.0,Summer
2024-08-09,11.239000000001397,0.5209999999997308,20.287499999999998,0.0,Summer
2024-08-10,7.978000000002794,0.6950000000006185,19.283333333333335,0.0,Summer
2024-08-11,10.966999999996915,0.7770000000000437,20.804166666666667,0.0,Summer
2024-08-12,12.141999999999825,0.6049999999995634,23.633333333333336,0.0,Summer
2024-08-13,9.445000000003347,0.8910000000005311,22.608333333333334,0.0,Summer
2024-08-14,9.26299999999901,0.5839999999998327,20.158333333333335,0.0,Summer
2024-08-15,9.581999999998516,0.988999999999578,20.170833333333334,0.0,Summer
2024-08-16,9.317999999999302,0.717000000000553,19.654166666666665,0.0,Summer
2024-08-17,15.837000000003172,0.7669999999998254,18.474999999999998,0.0,Summer
2024-08-18,8.738999999997759,0.7529999999997017,18.025000000000002,0.0,Summer
2024-08-19,12.056000000004133,0.5979999999999563,18.591666666666665,0.0,Summer
2024-08-20,9.318999999995867,0.556999999999789,18.670833333333334,0.0,Summer
2024-08-21,14.269000000000233,0.9490000000005239,17.258333333333333,0.0,Summer
2024-08-22,12.441000000002532,0.5990000000001601,18.6125,0.0,Summer
2024-08-23,10.094999999997526,1.6439999999993233,19.991666666666667,0.0,Summer
2024-08-24,7.916000000001077,0.46300000000064756,18.841666666666665,0.0,Summer
2024-08-25,16.958999999998923,1.1359999999995125,16.9875,0.0,Summer
2024-08-26,8.573000000003958,0.7700000000004366,17.445833333333333,0.0,Summer
2024-08-27,10.380999999997584,0.420999999999367,18.2,0.0,Summer
2024-08-28,4.601999999998952,0.30200000000058935,20.325,0.0,Summer
2024-08-29,3.1669999999976426,0.0,19.3625,0.0,Summer
2024-08-30,4.466000000000349,0.569999999999709,17.141666666666666,0.0,Summer
2024-08-31,7.461999999999534,0.4210000000002765,18.4375,0.0,Summer
2024-09-01,13.554000000003725,0.7929999999996653,21.858333333333334,0.0,Autumn
2024-09-02,9.151999999998225,0.35500000000047294,21.8625,0.0,Autumn
2024-09-03,8.6349999999984,0.6569999999992433,19.537499999999998,0.0,Autumn
2024-09-04,8.299000000002707,0.7870000000002619,18.141666666666666,0.0,Autumn
2024-09-05,6.577000000001135,0.38799999999991996,21.425,0.0,Autumn
2024-09-06,9.242999999998574,0.9610000000002401,21.920833333333334,0.0,Autumn
2024-09-07,10.96600000000035,0.8040000000000873,20.037499999999998,0.0,Autumn
2024-09-08,9.514999999999418,0.6030000000000655,19.229166666666668,0.0,Autumn
2024-09-09,11.91400000000067,0.48399999999946886,16.616666666666667,0.0,Autumn
2024-09-10,11.767999999996391,0.8100000000004002,16.108333333333334,0.0,Autumn
2024-09-11,11.977000000006228,1.41399999999976,12.1875,3.3125,Autumn
2024-09-12,13.140999999995984,1.0520000000005894,11.408333333333333,4.091666666666667,Autumn
2024-09-13,5.588999999999942,0.4249999999992724,13.179166666666667,2.320833333333333,Autumn
2024-09-14,11.366000000001804,0.7680000000000291,13.612499999999999,1.887500000000001,Autumn
2024-09-15,11.381000000001222,1.2890000000006694,14.612499999999999,0.8875000000000011,Autumn
2024-09-16,8.756999999997788,0.6369999999997162,16.233333333333334,0.0,Autumn
2024-09-17,8.657999999999447,0.5979999999999563,16.283333333333335,0.0,Autumn
2024-09-18,10.528999999998632,0.8670000000001892,16.925,0.0,Autumn
2024-09-19,9.433000000000902,0.5169999999998254,17.587500000000002,0.0,Autumn
2024-09-20,8.255000000001019,0.8059999999995853,17.75,0.0,Autumn
2024-09-21,13.033000000003085,0.42399999999997817,17.599999999999998,0.0,Autumn
2024-09-22,8.009999999994761,0.4080000000003565,17.775000000000002,0.0,Autumn
2024-09-23,8.105000000003201,0.4390000000003056,16.95,0.0,Autumn
2024-09-24,6.819999999999709,0.7299999999995634,14.816666666666668,0.6833333333333318,Autumn
2024-09-25,10.828999999997905,0.5309999999999491,14.375,1.125,Autumn
2024-09-26,7.565000000002328,0.7120000000004438,15.262500000000001,0.23749999999999893,Autumn
2024-09-27,9.441999999999098,1.9549999999999272,13.083333333333334,2.416666666666666,Autumn
2024-09-28,16.85200000000259,3.1489999999994325,11.9375,3.5625,Autumn
2024-09-29,9.506999999997788,3.4640000000008513,10.954166666666666,4.545833333333334,Autumn
2024-09-30,10.031999999999243,3.3479999999999563,11.737499999999999,3.762500000000001,Autumn
2024-10-01,9.734000000000378,2.464999999999236,14.058333333333332,1.4416666666666682,Autumn
2024-10-02,10.731999999999971,2.5390000000006694,12.4375,3.0625,Autumn
2024-10-03,9.588000000003376,3.1289999999999054,11.433333333333332,4.066666666666668,Autumn
2024-10-04,8.60099999999511,2.943000000000211,10.5,5.0,Autumn
2024-10-05,10.95600000000195,3.9169999999994616,9.816666666666666,5.683333333333334,Autumn
2024-10-06,14.041000000001077,2.462999999999738,10.829166666666666,4.670833333333334,Autumn
2024-10-07,7.9979999999995925,1.0979999999999563,14.9625,0.5374999999999996,Autumn
2024-10-08,7.810999999997875,0.49800000000050204,15.154166666666667,0.3458333333333332,Autumn
2024-10-09,9.106999999999971,0.7680000000000291,13.9,1.5999999999999996,Autumn
2024-10-10,9.066000000002532,1.9239999999999782,12.683333333333332,2.816666666666668,Autumn
2024-10-11,13.870999999995547,2.8339999999998327,10.5625,4.9375,Autumn
2024-10-12,16.37300000000323,3.2770000000000437,9.341666666666667,6.158333333333333,Autumn
2024-10-13,9.390999999999622,3.167000000000371,11.450000000000001,4.049999999999999,Autumn
2024-10-14,9.77900000000227,3.871999999999389,9.033333333333333,6.466666666666667,Autumn
2024-10-15,9.497999999999593,4.135000000000218,9.65,5.85,Autumn
2024-10-16,11.54399999999805,1.6369999999997162,15.620833333333332,0.0,Autumn
2024-10-17,7.963999999999942,1.405999999999949,16.287499999999998,0.0,Autumn
2024-10-18,10.6150000000016,0.46900000000005093,14.775,0.7249999999999996,Autumn
2024-10-19,14.203000000001339,1.4750000000003638,14.458333333333334,1.041666666666666,Autumn
2024-10-20,11.300999999999476,2.6970000000001164,15.195833333333333,0.30416666666666714,Autumn
2024-10-21,7.294999999998254,0.44800000000032014,14.545833333333334,0.9541666666666657,Autumn
2024-10-22,8.760000000002037,2.470999999999549,13.204166666666666,2.2958333333333343,Autumn
2024-10-23,8.135999999998603,2.33600000000024,11.783333333333333,3.716666666666667,Autumn
2024-10-24,9.389999999999418,3.48700000000008,10.5625,4.9375,Autumn
2024-10-25,8.760999999998603,1.5889999999999418,13.491666666666667,2.008333333333333,Autumn
2024-10-26,13.114000000001397,0.8019999999996799,13.916666666666666,1.583333333333334,Autumn
2024-10-27,12.843999999997322,1.5969999999997526,13.508,1.9920000000000009,Autumn
2024-10-28,12.22500000000582,2.405999999999949,13.558333333333332,1.9416666666666682,Autumn
2024-10-29,9.777999999998428,2.373000000000502,14.325000000000001,1.174999999999999,Autumn
2024-10-30,12.430000000000291,0.48399999999946886,13.058333333333332,2.441666666666668,Autumn
2024-10-31,10.155999999995402,1.4480000000003201,11.025,4.475,Autumn
2024-11-01,10.795000000001892,2.923999999999978,12.720833333333333,2.779166666666667,Autumn
2024-11-02,10.056000000000495,3.661000000000058,11.620833333333332,3.879166666666668,Autumn
2024-11-03,10.315999999998894,4.444000000000415,7.691666666666666,7.808333333333334,Autumn
2024-11-04,10.105000000003201,4.269999999999527,7.7124999999999995,7.7875000000000005,Autumn
2024-11-05,8.221999999997934,4.494999999999891,7.516666666666667,7.983333333333333,Autumn
2024-11-06,9.80699999999706,3.8900000000003274,10.033333333333333,5.466666666666667,Autumn
2024-11-07,8.356000000003405,4.443000000000211,7.4624999999999995,8.037500000000001,Autumn
2024-11-08,9.927999999996246,5.518999999999323,5.1125,10.3875,Autumn
2024-11-09,8.877000000000407,5.706000000000131,6.529166666666666,8.970833333333335,Autumn
2024-11-10,12.455000000001746,4.835000000000036,9.170833333333333,6.3291666666666675,Autumn
2024-11-11,8.298000000002503,3.2340000000003783,11.195833333333333,4.304166666666667,Autumn
2024-11-12,8.888999999999214,4.354999999999563,9.270833333333334,6.229166666666666,Autumn
2024-11-13,10.988000000001193,4.1950000000006185,10.3375,5.1625,Autumn
2024-11-14,7.483000000000175,3.53899999999976,11.566666666666668,3.933333333333332,Autumn
2024-11-15,8.235999999997148,4.548999999999978,10.049999999999999,5.450000000000001,Autumn
2024-11-16,10.465000000000146,4.657000000000153,11.020833333333334,4.479166666666666,Autumn
2024-11-17,13.113999999997759,4.725999999999658,8.920833333333333,6.5791666666666675,Autumn
2024-11-18,8.033000000003085,5.957000000000335,7.0375000000000005,8.462499999999999,Autumn
2024-11-19,12.432000000000698,6.086999999999534,5.104166666666667,10.395833333333332,Autumn
2024-11-20,15.692999999999302,7.426000000000386,4.5125,10.9875,Autumn
2024-11-21,11.353000000002794,6.493999999999687,4.466666666666667,11.033333333333333,Autumn
2024-11-22,11.427999999999884,7.002999999999702,5.2375,10.2625,Autumn
2024-11-23,12.695999999996275,6.887000000000626,5.2250000000000005,10.274999999999999,Autumn
2024-11-24,13.514999999999418,4.170999999999367,15.116666666666667,0.38333333333333286,Autumn
2024-11-25,10.433000000000902,4.110000000000582,12.941666666666668,2.558333333333332,Autumn
2024-11-26,10.99800000000323,5.4399999999996,8.5875,6.9125,Autumn
2024-11-27,11.969999999997526,5.3200000000006185,7.845833333333334,7.654166666666666,Autumn
2024-11-28,10.020000000000437,5.509999999999309,8.3375,7.1625,Autumn
2024-11-29,11.04399999999805,5.777000000000044,3.9875000000000003,11.5125,Autumn
2024-11-30,11.153000000002066,7.0570000000006985,4.508333333333334,10.991666666666667,Autumn
2024-12-01,11.415000000000873,5.7849999999998545,6.595833333333334,8.904166666666665,Winter
2024-12-02,11.432999999997264,5.3859999999995125,9.549999999999999,5.950000000000001,Winter
2024-12-03,11.720000000001164,4.916000000000167,7.3625,8.1375,Winter
2024-12-04,12.57300000000032,5.956000000000131,6.329166666666667,9.170833333333334,Winter
2024-12-05,9.365999999998166,5.836999999999534,7.3999999999999995,8.100000000000001,Winter
2024-12-06,12.485000000000582,6.109000000000378,8.829166666666667,6.6708333333333325,Winter
2024-12-07,12.21600000000035,5.57300000000032,7.791666666666667,7.708333333333333,Winter
2024-12-08,10.440999999998894,5.875,6.6375,8.8625,Winter
2024-12-09,12.040000000000873,6.683999999999287,6.320833333333333,9.179166666666667,Winter
2024-12-10,9.489000000001397,6.939000000000306,5.333333333333333,10.166666666666668,Winter
2024-12-11,7.98399999999674,6.917000000000371,3.8541666666666665,11.645833333333334,Winter
2024-12-12,9.273000000001048,6.701999999999316,4.916666666666667,10.583333333333332,Winter
2024-12-13,14.148000000001048,7.463000000000648,2.4250000000000003,13.075,Winter
2024-12-14,13.399000000001251,7.045999999999367,5.604166666666667,9.895833333333332,Winter
2024-12-15,13.016999999999825,5.807999999999993,9.283333333333333,6.216666666666667,Winter
2024-12-16,9.950000000000728,1.925000000000182,10.183333333333334,5.316666666666666,Winter
2024-12-17,7.141999999999825,0.4329999999999927,8.725,6.775,Winter
2024-12-18,10.961999999999534,6.588000000000648,10.487499999999999,5.012500000000001,Winter
2024-12-19,9.076000000000931,5.498999999999796,8.612499999999999,6.887500000000001,Winter
2024-12-20,9.911000000000058,6.867999999999483,7.041666666666667,8.458333333333332,Winter
2024-12-21,9.71099999999933,6.838999999999942,8.795833333333333,6.7041666666666675,Winter
2024-12-22,22.07999999999811,6.235000000000582,6.258333333333333,9.241666666666667,Winter
2024-12-23,24.618999999998778,6.015999999999622,7.466666666666666,8.033333333333335,Winter
2024-12-24,18.739000000001397,6.69800000000032,7.441666666666666,8.058333333333334,Winter
2024-12-25,10.387000000002445,6.693999999999505,9.408333333333333,6.091666666666667,Winter
2024-12-26,11.84100000000035,4.753999999999905,8.033333333333333,7.466666666666667,Winter
2024-12-27,14.328999999997905,5.9520000000002256,4.383333333333334,11.116666666666667,Winter
2024-12-28,11.903999999998632,8.635000000000218,3.233333333333333,12.266666666666667,Winter
2024-12-29,15.891999999999825,6.2039999999997235,6.620833333333334,8.879166666666666,Winter
2024-12-30,18.85699999999997,6.342999999999847,7.670833333333333,7.829166666666667,Winter
2024-12-31,18.158000000003085,5.9340000000001965,6.433333333333334,9.066666666666666,Winter
2025-01-01,17.2129999999961,5.787000000000262,8.541666666666666,6.958333333333334,Winter
2025-01-02,14.492000000002008,6.94800000000032,5.279166666666667,10.220833333333333,Winter
2025-01-03,15.596999999997934,8.761999999999716,4.345833333333333,11.154166666666667,Winter
2025-01-04,7.0310000000026776,7.0900000000001455,3.095833333333333,12.404166666666667,Winter
2025-01-05,4.7370000000009895,7.472999999999956,5.125,10.375,Winter
2025-01-06,4.797999999998865,5.104000000000269,9.450000000000001,6.049999999999999,Winter
2025-01-07,4.789999999997235,6.332999999999629,4.883333333333334,10.616666666666667,Winter
2025-01-08,4.76600000000326,6.693999999999505,4.058333333333334,11.441666666666666,Winter
2025-01-09,4.72899999999936,7.1950000000006185,3.358333333333333,12.141666666666667,Winter
2025-01-10,4.756999999997788,6.961999999999534,4.029166666666667,11.470833333333333,Winter
2025-01-11,4.736000000004424,9.121000000000095,3.4958333333333336,12.004166666666666,Winter
2025-01-12,5.885999999998603,8.853000000000065,3.7125,11.7875,Winter
2025-01-13,14.391999999999825,9.69000000000051,1.325,14.175,Winter
2025-01-14,13.415000000000873,7.723999999999251,4.558333333333334,10.941666666666666,Winter
2025-01-15,12.203999999997905,5.805000000000291,7.158333333333334,8.341666666666665,Winter
2025-01-16,10.402999999998428,8.66399999999976,5.183333333333334,10.316666666666666,Winter
2025-01-17,10.39600000000064,7.5460000000002765,2.591666666666667,12.908333333333333,Winter
2025-01-18,10.14100000000326,8.951000000000022,-0.16666666666666666,15.666666666666666,Winter
2025-01-19,15.7599999999984,8.805999999999585,-0.5333333333333333,16.033333333333335,Winter
2025-01-20,9.797999999998865,8.268000000000029,0.4041666666666666,15.095833333333333,Winter
2025-01-21,9.110000000000582,8.518000000000029,1.1375,14.3625,Winter
2025-01-22,10.79200000000128,8.628999999999905,1.5041666666666667,13.995833333333334,Winter
2025-01-23,12.48700000000099,7.530000000000655,5.6875,9.8125,Winter
2025-01-24,13.025000000001455,6.894000000000233,7.845833333333334,7.654166666666666,Winter
2025-01-25,12.549999999995634,6.381999999999607,5.45,10.05,Winter
2025-01-26,16.596000000001368,7.694999999999709,3.8708333333333336,11.629166666666666,Winter
2025-01-27,12.454000000001543,6.036000000000058,8.65,6.85,Winter
2025-01-28,10.243999999998778,6.869000000000597,7.7,7.8,Winter
2025-01-29,10.393000000000029,6.571999999999207,6.895833333333333,8.604166666666668,Winter
2025-01-30,9.524000000001251,6.124000000000706,5.754166666666666,9.745833333333334,Winter
2025-01-31,12.2599999999984,7.0919999999996435,4.283333333333333,11.216666666666667,Winter
2025-02-01,11.458000000002357,7.337999999999738,1.7375,13.7625,Winter
2025-02-02,16.13699999999517,7.789999999999964,0.1291666666666667,15.370833333333334,Winter
2025-02-03,12.755000000004657,8.689000000000306,1.6333333333333335,13.866666666666667,Winter
2025-02-04,12.290999999997439,7.347999999999956,3.516666666666667,11.983333333333333,Winter
2025-02-05,12.046000000002095,7.006000000000313,5.858333333333333,9.641666666666666,Winter
2025-02-06,9.300999999999476,7.930999999999585,4.266666666666667,11.233333333333334,Winter
2025-02-07,13.691999999999098,7.773000000000138,2.908333333333333,12.591666666666667,Winter
2025-02-08,11.219999999997526,7.585000000000036,4.3125,11.1875,Winter
2025-02-09,14.014000000002852,8.680000000000291,3.5749999999999997,11.925,Winter
2025-02-10,17.197000000000116,8.199999999999818,2.0166666666666666,13.483333333333334,Winter
2025-02-11,11.038999999997031,9.03899999999976,2.1416666666666666,13.358333333333334,Winter
2025-02-12,12.050999999999476,7.355000000000473,3.7125,11.7875,Winter
2025-02-13,10.189000000005763,8.737999999999374,1.5791666666666666,13.920833333333334,Winter
2025-02-14,9.683999999997468,8.8100000000004,1.3083333333333333,14.191666666666666,Winter
2025-02-15,12.308999999997468,7.923999999999978,0.9708333333333333,14.529166666666667,Winter
2025-02-16,17.72200000000157,8.52099999999973,0.8208333333333333,14.679166666666667,Winter
2025-02-17,14.055999999996857,8.556000000000495,-0.8458333333333333,16.345833333333335,Winter
2025-02-18,10.15400000000227,8.842999999999847,-0.7166666666666667,16.216666666666665,Winter
2025-02-19,11.7400000000016,10.139000000000124,1.1500000000000001,14.35,Winter
2025-02-20,12.358000000000175,7.302999999999884,6.779166666666666,8.720833333333335,Winter
2025-02-21,11.371999999999389,3.800000000000182,13.283333333333333,2.216666666666667,Winter
2025-02-22,15.359000000000378,5.000999999999294,9.929166666666667,5.570833333333333,Winter
2025-02-23,12.005000000001019,4.554000000000087,9.641666666666667,5.8583333333333325,Winter
2025-02-24,8.17899999999645,4.985000000000582,9.950000000000001,5.549999999999999,Winter
2025-02-25,9.12300000000323,5.147999999999229,7.141666666666667,8.358333333333334,Winter
2025-02-26,9.958999999998923,5.6010000000005675,6.895833333333333,8.604166666666668,Winter
2025-02-27,8.398999999997613,5.863999999999578,5.545833333333333,9.954166666666666,Winter
2025-02-28,9.138000000002648,6.067000000000007,5.545833333333333,9.954166666666666,Winter
2025-03-01,12.505999999997584,6.503000000000611,4.104166666666667,11.395833333333332,Spring
2025-03-02,16.691000000002532,6.3419999999996435,1.8583333333333334,13.641666666666666,Spring
2025-03-03,13.016999999999825,7.1159999999999854,1.4583333333333333,14.041666666666666,Spring
2025-03-04,11.354000000002998,6.060999999999694,2.5458333333333334,12.954166666666666,Spring
2025-03-05,9.813999999998487,5.582000000000335,6.033333333333334,9.466666666666665,Spring
2025-03-06,11.924999999999272,4.716000000000349,8.5625,6.9375,Spring
2025-03-07,13.927999999999884,3.264999999999418,10.950000000000001,4.549999999999999,Spring
2025-03-08,10.548999999999069,3.456000000000131,10.762500000000001,4.737499999999999,Spring
2025-03-09,13.273000000001048,3.563000000000102,10.4375,5.0625,Spring
2025-03-10,10.441999999999098,3.4700000000002547,8.508333333333333,6.991666666666667,Spring
2025-03-11,4.49199999999837,2.4219999999995707,5.954166666666667,9.545833333333334,Spring
2025-03-12,4.930000000000291,2.106999999999971,5.129166666666666,10.370833333333334,Spring
2025-03-13,4.679000000003725,3.9710000000004584,4.016666666666667,11.483333333333334,Spring
2025-03-14,4.582999999998719,4.042999999999665,3.7750000000000004,11.725,Spring
2025-03-15,4.625,4.256000000000313,3.6999999999999997,11.8,Spring
2025-03-16,4.724999999998545,4.17699999999968,4.029166666666667,11.470833333333333,Spring
2025-03-17,4.628000000000611,3.7030000000004293,5.704166666666667,9.795833333333334,Spring
2025-03-18,4.64799999999741,4.014999999999418,4.533333333333333,10.966666666666667,Spring
2025-03-19,4.076000000000931,2.298999999999978,7.316666666666666,8.183333333333334,Spring
2025-03-20,3.6480000000010477,1.8079999999999927,9.225,6.275,Spring
2025-03-21,4.087999999999738,5.360000000000582,13.216666666666667,2.283333333333333,Spring
2025-03-22,16.8849999999984,3.7299999999995634,14.033333333333333,1.4666666666666668,Spring
2025-03-23,14.241000000001804,2.837000000000444,11.0,4.5,Spring
2025-03-24,10.485000000000582,4.286000000000058,8.104166666666666,7.395833333333334,Spring
2025-03-25,7.194999999999709,4.421999999999571,7.854166666666667,7.645833333333333,Spring
2025-03-26,8.081999999998516,3.8640000000004875,7.6499999999999995,7.8500000000000005,Spring
2025-03-27,7.471000000001368,3.8059999999995853,7.129166666666666,8.370833333333334,Spring
